# Netlify Redirects - RoyalGoaRide.com
# Order matters! Most specific rules first

# Force HTTPS
http://royalgoaride.com/* https://royalgoaride.com/:splat 301!
http://www.royalgoaride.com/* https://www.royalgoaride.com/:splat 301!

# Force non-www
https://www.royalgoaride.com/* https://royalgoaride.com/:splat 301!

# Fix duplicate homepage URLs
/index.html / 301!
/index / 301!
/home / 301!
/home.html / 301!

# Fix duplicate page URLs - Remove .html extension
/cars.html /cars 301!
/bikes.html /bikes 301!
/booking.html /booking 301!
/contact.html /contact 301!
/faq.html /faq 301!
/terms.html /terms 301!
/privacy.html /privacy 301!
/refund-policy.html /refund-policy 301!

# Fix location page duplicates
/baga.html /baga 301!
/calangute.html /calangute 301!
/candolim.html /candolim 301!
/panjim.html /panjim 301!
/airport.html /airport 301!

# Fix car-specific page duplicates
/swift-rental-goa.html /swift-rental-goa 301!
/luxury-car-rental-goa.html /luxury-car-rental-goa 301!
/car-rental-goa-airport.html /car-rental-goa-airport 301!
/car-rental-madgaon.html /car-rental-madgaon 301!
/car-rental-calangute.html /car-rental-calangute 301!
/car-rental-anjuna.html /car-rental-anjuna 301!
/car-rental-baga-beach.html /car-rental-baga-beach 301!
/bike-rental-baga.html /bike-rental-baga 301!

# Fix blog post duplicates
/blog/best-beaches-goa.html /blog/best-beaches-goa 301!
/blog/best-cars-for-goa.html /blog/best-cars-for-goa 301!
/blog/best-places-goa-by-car.html /blog/best-places-goa-by-car 301!
/blog/car-rental-cost-goa.html /blog/car-rental-cost-goa 301!
/blog/cheap-car-rental-tips.html /blog/cheap-car-rental-tips 301!
/blog/goa-travel-tips-2026.html /blog/goa-travel-tips-2026 301!
/blog/goa-trip-cost-guide.html /blog/goa-trip-cost-guide 301!
/blog/manual-vs-automatic-goa.html /blog/manual-vs-automatic-goa 301!
/blog/north-vs-south-goa.html /blog/north-vs-south-goa 301!
/blog/self-drive-tips-goa.html /blog/self-drive-tips-goa 301!
/blog/self-drive-vs-taxi.html /blog/self-drive-vs-taxi 301!

# Remove trailing slashes (must be near end)
/*/ /:splat 301!

# 404 fallback (MUST BE LAST!)
/* /404.html 404
